,opinion_max_diff,Run,altieri_entropy_index,graph_modularity
230,2.323232323232323,0,1.6317178886546582,0.4208111388917182
95,0.9595959595959596,0,2.1166950884185107,0.3409528394275526
93,0.9090909090909091,0,2.0575836192640025,0.2953548957147536
291,2.929292929292929,0,0.6672213712691271,0.0796292294413917
369,3.7373737373737375,0,0.4455362894324095,0.053675056538089266
170,1.7171717171717171,0,1.8424520715054942,0.43388862311267007
452,4.545454545454545,0,0.37857080608229615,0.040780960620512355
255,2.5757575757575757,0,0.43872915579639793,0.09507275088097014
85,0.8585858585858586,0,2.1852761134815624,0.36898626523405564
409,4.141414141414141,0,0.5392340459871634,0.07873448153803472
456,4.595959595959596,0,0.39171893540102465,0.043103574506932585
175,1.7676767676767677,0,1.720317713347078,0.3708500615282878
80,0.8080808080808081,0,2.1976946720124197,0.3525219284614858
296,2.9797979797979797,0,0.501312795526182,0.07050600497034332
350,3.5353535353535355,0,0.3780085004748069,0.05440725144287753
75,0.7575757575757576,0,2.19311941026186,0.3676216708407578
460,4.646464646464646,0,0.41848214801538414,0.03074095974233283
180,1.8181818181818181,0,1.5436053437056145,0.30590697760056107
299,3.0303030303030303,0,0.5801702239173555,0.1296986720799852
70,0.7070707070707071,0,2.1812387458465583,0.37083799387299354
405,4.090909090909091,0,0.4007118559908316,0.08069108416727352
66,0.6565656565656566,0,2.191811549066943,0.33749017722139585
186,1.8686868686868687,0,1.6417546560602752,0.4267161515025646
465,4.696969696969697,0,0.363024794487849,0.053498474863808765
250,2.525252525252525,0,0.3286386128190326,0.0859914164778679
190,1.9191919191919191,0,1.7791171573195041,0.39439020690092486
165,1.6666666666666667,0,2.1328337574313987,0.3918834942754629
355,3.5858585858585856,0,0.3197849508538015,0.04513789663131983
415,4.191919191919192,0,0.33662263898671724,0.04530505229564974
101,1.0101010101010102,0,2.176640493857784,0.37907752844003023
141,1.4141414141414141,0,2.163677758272418,0.33915480268092363
135,1.3636363636363635,0,2.1608667148838503,0.32957414331761437
430,4.343434343434343,0,0.35755409720268977,0.055927039078057
363,3.686868686868687,0,0.4763020921327536,0.05025177609178111
426,4.292929292929293,0,0.4791568418716034,0.06799225784315033
130,1.3131313131313131,0,2.1135074548763346,0.4087149291965129
145,1.4646464646464645,0,1.8755238157053105,0.4141419221399052
276,2.7777777777777777,0,0.4452305233796844,0.05948154376672364
267,2.676767676767677,0,0.39999090422051287,0.08326851210378897
435,4.393939393939394,0,0.4208258777104424,0.05161661049190891
360,3.6363636363636362,0,0.28997657913762626,0.035697674521319264
123,1.2626262626262625,0,2.098426384365819,0.44994636117381426
305,3.080808080808081,0,0.4148440443818785,0.054867982725062436
150,1.5151515151515151,0,2.1943609393696653,0.4522832570627043
280,2.8282828282828283,0,0.4821959951295533,0.08517876568248786
117,1.1616161616161615,0,2.195365942306987,0.37635331467716615
382,3.8383838383838382,0,0.38563269412376766,0.03560007539737928
440,4.444444444444445,0,0.39209653779708076,0.05301530011932702
420,4.242424242424242,0,0.2878747202533501,0.03276506836122409
155,1.5656565656565655,0,1.7908278486840628,0.37685214515361465
110,1.1111111111111112,0,2.057666789545665,0.39907773057737467
443,4.494949494949495,0,0.2527071266748421,0.04090431463334046
262,2.6262626262626263,0,0.4143544815437539,0.08210420700136109
105,1.0606060606060606,0,2.1654466114691258,0.4515228554981605
160,1.6161616161616161,0,1.9809073206713048,0.4185102514891065
286,2.878787878787879,0,0.47557493949059493,0.06651136825456996
120,1.2121212121212122,0,1.8916614435316106,0.25893491140695457
59,0.6060606060606061,0,2.1959506763163326,0.3762163207403134
270,2.727272727272727,0,0.5219076279431829,0.06150041051240106
340,3.4343434343434343,0,0.3725380678809113,0.0504657919170598
40,0.40404040404040403,0,2.1746127448907373,0.32571418382275796
19,0.20202020202020202,0,2.1890735121340317,0.35316387541270783
315,3.1818181818181817,0,0.47684834630888684,0.090178365203369
480,4.848484848484849,0,0.23208491688494437,0.04077127328591637
205,2.0707070707070705,0,1.7710078748372509,0.3060212496643781
241,2.4242424242424243,0,0.45202981257422303,0.047733898509218026
33,0.35353535353535354,0,2.197464324668641,0.3234109967003773
13,0.15151515151515152,0,2.1663815218289506,0.3394993246728023
220,2.2222222222222223,0,1.962125009354277,0.43610162813688214
490,4.94949494949495,0,0.42758045124714755,0.05201356946375354
30,0.30303030303030304,0,2.1846126200115954,0.3401408622977246
345,3.484848484848485,0,0.24355115806128375,0.056267302812866404
320,3.2323232323232323,0,0.47348524761659,0.07147893921263504
387,3.9393939393939394,0,0.3352503799257936,0.08003967963864791
27,0.25252525252525254,0,2.1784940775078163,0.3181385405008451
211,2.121212121212121,0,1.4896087360127077,0.2977085723911371
325,3.282828282828283,0,0.4289203907791164,0.06315073880407449
485,4.898989898989899,0,0.37697795802606543,0.0488921456788566
215,2.1717171717171717,0,1.668946096941642,0.477897543755883
395,3.9898989898989896,0,0.48784682298799253,0.0544027856844673
335,3.3838383838383836,0,0.4161636422056248,0.07389152882446406
477,4.797979797979798,0,0.5378775478433621,0.0486525781463929
385,3.888888888888889,0,0.556662029217675,0.07186193300220414
495,5.0,0,0.35890729189784987,0.04791164683363894
470,4.747474747474747,0,0.30467725342311963,0.046107416875465185
54,0.5555555555555556,0,2.1825491884618025,0.3094590593776538
400,4.040404040404041,0,0.35714850989072794,0.049090702357037524
309,3.131313131313131,0,0.41757210912502246,0.05661561460675092
51,0.5050505050505051,0,2.1383648242944218,0.35923799468054385
195,1.9696969696969697,0,1.6656335092793524,0.4738192912343887
9,0.10101010101010101,0,2.1700251456267177,0.32466306056664873
330,3.3333333333333335,0,0.44586151954230974,0.03621403622695083
225,2.2727272727272725,0,1.6384571121003129,0.4207806622187208
235,2.3737373737373737,0,0.6685054679433645,0.12061411107092346
375,3.7878787878787876,0,0.18488188066005132,0.035418094588436644
6,0.050505050505050504,0,2.164832221916418,0.31168275158242603
200,2.0202020202020203,0,1.8202864351619048,0.36480726223310783
245,2.474747474747475,0,1.263787247133925,0.40997500259142483
44,0.45454545454545453,0,2.0899629455169078,0.2696645879872873
7,0.0,0,2.1844887011138856,0.3394481379748832
231,2.323232323232323,1,0.5785918877579949,0.09821791579242192
421,4.242424242424242,1,0.31872131443590807,0.03676528907823067
379,3.8383838383838382,1,0.5408678266737832,0.058268973614645544
146,1.4646464646464645,1,1.8478774267687463,0.45083506777408944
425,4.292929292929293,1,0.27213578719754006,0.037500245481250194
221,2.2222222222222223,1,1.8346982918828205,0.41464051233571253
226,2.2727272727272725,1,0.6623337758285955,0.24870758245592944
265,2.676767676767677,1,0.6214483278748469,0.16597123983391776
151,1.5151515151515151,1,1.783939983681371,0.4832875225292078
366,3.686868686868687,1,0.5340690542247795,0.06896776635969618
386,3.888888888888889,1,0.3936555699600169,0.03478073718784254
246,2.474747474747475,1,0.701598164218957,0.1732680761908354
156,1.5656565656565655,1,2.1223730028145105,0.4155630973764819
401,4.040404040404041,1,0.49496473834774923,0.06256580304776213
191,1.9191919191919191,1,1.6169504302850255,0.23967293382573415
185,1.8686868686868687,1,2.177718095477521,0.40225999133028173
140,1.4141414141414141,1,2.1702701721523803,0.34047880297900324
196,1.9696969696969697,1,1.8737011887519834,0.4235274171810207
406,4.090909090909091,1,0.4819737600027029,0.05300110063776975
376,3.7878787878787876,1,0.45266466799441446,0.06423852340200045
252,2.525252525252525,1,0.4441948104394757,0.08667688814649763
373,3.7373737373737375,1,0.5185940399749015,0.08545010812251078
201,2.0202020202020203,1,1.3158153085262096,0.2685895970690986
396,3.9898989898989896,1,0.5650557673859644,0.07093557275163109
216,2.1717171717171717,1,1.8064801060581819,0.46151866832906663
176,1.7676767676767677,1,1.8946875799983798,0.44607211357087306
171,1.7171717171717171,1,2.120269971520933,0.27109082319623096
206,2.0707070707070705,1,1.1775335134918545,0.38021470184087064
240,2.4242424242424243,1,0.7457047822914522,0.18626680004623541
258,2.5757575757575757,1,0.5627185016441365,0.09137993157751463
210,2.121212121212121,1,1.7291084834807893,0.4650832994452199
331,3.3333333333333335,1,0.2021822129883632,0.041175147763792046
416,4.191919191919192,1,0.37481016095938047,0.04230803192513649
161,1.6161616161616161,1,1.7895954220795514,0.4653690434174316
391,3.9393939393939394,1,0.38131297644275636,0.035856975051832725
261,2.6262626262626263,1,0.6788876013963636,0.09701468543470948
236,2.3737373737373737,1,1.720593069509676,0.4317222132778119
411,4.141414141414141,1,0.5285488619994648,0.06595703767221009
183,1.8181818181818181,1,1.931063002507689,0.38650794820313505
166,1.6666666666666667,1,2.169546280498671,0.31631094735776655
115,1.1616161616161615,1,2.185199836644034,0.32519563871709556
455,4.595959595959596,1,0.5421734641895977,0.043133827081853204
81,0.8080808080808081,1,2.185581557507588,0.33833091191286835
337,3.3838383838383836,1,0.4196055073374757,0.05182825487151119
297,2.9797979797979797,1,0.5541446308273963,0.06858685621092987
77,0.7575757575757576,1,2.0229452626064925,0.3105184421091017
461,4.646464646464646,1,0.3411340652488516,0.040382746674415715
71,0.7070707070707071,1,2.168203876356503,0.32015830022640196
486,4.898989898989899,1,0.6093229516522211,0.06703468204842936
301,3.0303030303030303,1,0.4051126283683144,0.05841391281350628
23,0.20202020202020202,1,2.17748606526628,0.3464689297952249
271,2.727272727272727,1,0.4303975415566167,0.061043637081543076
65,0.6565656565656566,1,2.1733393958420635,0.3287643383883314
63,0.6060606060606061,1,2.1685536124646054,0.32959734448948685
35,0.35353535353535354,1,2.1729356643022384,0.35015354935614573
25,0.25252525252525254,1,2.1821635110380817,0.34463989575424914
346,3.484848484848485,1,0.1797152359364681,0.035698702919939235
57,0.5555555555555556,1,2.0732832962155414,0.33267193776853216
307,3.080808080808081,1,0.36930822703232175,0.052360340240156684
321,3.2323232323232323,1,0.4060798177192065,0.06701777149206903
50,0.5050505050505051,1,2.186120688967843,0.36799615953899517
472,4.747474747474747,1,0.5357133160873268,0.049662475468677164
474,4.797979797979798,1,0.45631186418307396,0.056101183868585425
31,0.30303030303030304,1,2.1477486345577876,0.30350465976052177
46,0.45454545454545453,1,2.1387630945347107,0.3392519857768982
311,3.131313131313131,1,0.48833140412363024,0.07465675309798284
341,3.4343434343434343,1,0.3227954856375241,0.04744173543386168
41,0.40404040404040403,1,2.0993109428593715,0.31145033622087737
316,3.1818181818181817,1,0.2794625659118663,0.06946174100579178
466,4.696969696969697,1,0.37958215753390917,0.04987195688082399
351,3.5353535353535355,1,0.23825273759837595,0.053399783349974445
86,0.8585858585858586,1,2.178796252786001,0.32998258121027213
16,0.15151515151515152,1,2.1862238710146955,0.3318654231016275
136,1.3636363636363635,1,2.1359969339887868,0.2613883391203703
133,1.3131313131313131,1,2.1591873511969424,0.36052774764355583
431,4.343434343434343,1,0.47075314754092096,0.04918279347792799
496,5.0,1,0.5791326738704283,0.06101253541779694
361,3.6363636363636362,1,0.28624468015878446,0.05301553411507892
275,2.7777777777777777,1,0.6620681558921783,0.10871758276172641
126,1.2626262626262625,1,2.172613339700851,0.3396011400256118
3,0.050505050505050504,1,2.17997729041465,0.3133672997693209
121,1.2121212121212122,1,2.1174672774695673,0.34869345731059087
437,4.393939393939394,1,0.49758097282035124,0.07402736358223985
281,2.8282828282828283,1,0.564080891174891,0.0717162324450534
441,4.444444444444445,1,0.5012890528935728,0.06103469493357841
4,0.0,1,2.1739165001015754,0.3241453070641323
111,1.1111111111111112,1,2.159088250140575,0.3458423401177296
481,4.848484848484849,1,0.4024075063903075,0.05212480935504507
8,0.10101010101010101,1,2.1897933921667456,0.35878294956130263
491,4.94949494949495,1,0.4523637703124645,0.037136779497048245
91,0.9090909090909091,1,2.179538395513644,0.37555176126496004
449,4.545454545454545,1,0.3978312733278945,0.05027897128216682
290,2.929292929292929,1,1.8356328378015254,0.4321620262189957
97,0.9595959595959596,1,2.0704201494314773,0.35056140429553206
357,3.5858585858585856,1,0.4095371914494848,0.04750990017020032
326,3.282828282828283,1,0.31337390690331735,0.054645190757243056
446,4.494949494949495,1,0.3510186068049533,0.04703405687526224
285,2.878787878787879,1,0.5643327828611151,0.1114607659090184
107,1.0606060606060606,1,2.159676109557481,0.3616129455777495
100,1.0101010101010102,1,2.1653122078445235,0.3572580428840643
232,2.323232323232323,2,0.9403779255110242,0.3600559631220085
381,3.8383838383838382,2,0.34025078736760644,0.04854120111815599
327,3.282828282828283,2,0.55361763745086,0.07824511287959542
378,3.7878787878787876,2,0.23487999796078501,0.03243745920622736
317,3.1818181818181817,2,0.3883437222486536,0.09368289084515447
323,3.2323232323232323,2,0.501306355778802,0.06995177496073146
336,3.3838383838383836,2,0.4923595923923492,0.06147971707118888
237,2.3737373737373737,2,1.6721270928747227,0.4498224247059163
272,2.727272727272727,2,0.5034699426100567,0.10056067243926115
312,3.131313131313131,2,0.5109695092858851,0.055883261285858944
362,3.6363636363636362,2,0.4613614128032981,0.060935505023477776
266,2.676767676767677,2,0.6615544405503914,0.13450326310950292
278,2.7777777777777777,2,0.2854287910063975,0.052782829007552406
282,2.8282828282828283,2,0.3706728465144758,0.08115775955420529
367,3.686868686868687,2,0.5682883692448722,0.062492588996311604
356,3.5858585858585856,2,0.4396218297449738,0.039586704340441786
260,2.6262626262626263,2,0.5969661752043671,0.08405691995657955
287,2.878787878787879,2,0.7017994966279426,0.12038150458392713
256,2.5757575757575757,2,0.6910026743911294,0.09006874746235746
292,2.929292929292929,2,0.6085954869549349,0.09736066173821997
352,3.5353535353535355,2,0.4287308947246638,0.049240277412448186
295,2.9797979797979797,2,0.7097433590796821,0.1596754441514956
372,3.7373737373737375,2,0.37837070990098026,0.038869861249491267
251,2.525252525252525,2,0.4603403492406389,0.11026635682471395
302,3.0303030303030303,2,0.29760019766484325,0.036272735399673094
498,5.0,2,0.4375637130127106,0.05015646546355185
247,2.474747474747475,2,1.965670414317479,0.43505915508952286
308,3.080808080808081,2,0.318180390581359,0.06259765336729164
343,3.4343434343434343,2,0.6510569378874862,0.12062157044213398
242,2.4242424242424243,2,1.8423225594405241,0.43569623634528293
347,3.484848484848485,2,0.5749550137625019,0.08253336409971046
0,0.050505050505050504,2,2.185629968034183,0.3288922018806
227,2.2727272727272725,2,0.6071626550492257,0.12285606751533329
76,0.7575757575757576,2,2.083461394227797,0.36869190141425906
457,4.595959595959596,2,0.14798130771255458,0.037664039035227
82,0.8080808080808081,2,2.1740423622948,0.35708180377136817
87,0.8585858585858586,2,1.9661663351513101,0.39330339709394146
90,0.9090909090909091,2,2.1729706718883692,0.3915030106421976
450,4.545454545454545,2,0.37852047659307136,0.03233838691859944
96,0.9595959595959596,2,1.9585113458583625,0.3641766053973263
72,0.7070707070707071,2,2.047520631519186,0.31907164959706263
447,4.494949494949495,2,0.2997583035115598,0.03846605404410457
106,1.0606060606060606,2,2.1751936437594193,0.3875404608431797
442,4.444444444444445,2,0.5035557111879961,0.05364676866768991
116,1.1616161616161615,2,1.9771680602529638,0.3058090318388113
122,1.2121212121212122,2,2.169725534697513,0.38136640963924806
436,4.393939393939394,2,0.611394219746344,0.12079324165922078
127,1.2626262626262625,2,2.100655803938059,0.37877351837964035
432,4.343434343434343,2,0.3757340246792987,0.0561950855429818
102,1.0101010101010102,2,2.1729580018909136,0.3322228425259911
462,4.646464646464646,2,0.37280109833457514,0.03679579481933681
67,0.6565656565656566,2,2.0961456180232876,0.2902502721578407
61,0.6060606060606061,2,2.1404061847271683,0.34801124577857706
5,0.0,2,2.170238379718285,0.31454201481219046
493,4.94949494949495,2,0.4784773970890733,0.060288006965852604
11,0.10101010101010101,2,2.173641629340867,0.2966874521424519
17,0.15151515151515152,2,2.148931403159915,0.3275940271815929
487,4.898989898989899,2,0.4354243686791121,0.05669641327854438
21,0.20202020202020202,2,2.156865012567984,0.32085983085704545
26,0.25252525252525254,2,2.1816249963125554,0.3171500187188181
482,4.848484848484849,2,0.36529644554885843,0.04198427267303882
32,0.30303030303030304,2,2.16326487876146,0.2942323119671942
36,0.35353535353535354,2,2.1722869512139353,0.3180213593539679
476,4.797979797979798,2,0.2891339399227024,0.06991462556420544
43,0.40404040404040403,2,2.193821548111471,0.3384506314467672
47,0.45454545454545453,2,2.1652104693296863,0.3321133937565257
52,0.5050505050505051,2,2.1372962689722983,0.32729719285827463
471,4.747474747474747,2,0.4018793613760829,0.038498164540426594
56,0.5555555555555556,2,2.1548164902839133,0.3172840258633747
468,4.696969696969697,2,0.2685080010353241,0.044775251644521036
131,1.3131313131313131,2,2.1365857988247225,0.442818376623642
137,1.3636363636363635,2,1.9011993848999222,0.3777462132233611
112,1.1111111111111112,2,2.167978826718353,0.3508287440896717
427,4.292929292929293,2,0.572288718252979,0.04873285447353733
172,1.7171717171717171,2,1.7129507173995986,0.41471678351353725
177,1.7676767676767677,2,2.1957897741712435,0.33558347892948104
407,4.090909090909091,2,0.29705027904727205,0.032894215376175415
182,1.8181818181818181,2,2.0002511465033006,0.3575478021430142
187,1.8686868686868687,2,2.0662815398478593,0.3452736488368113
402,4.040404040404041,2,0.6337741475487401,0.09987725004525388
192,1.9191919191919191,2,1.5934172988814361,0.2460439851209848
412,4.141414141414141,2,0.3868457589452618,0.04237105987391152
197,1.9696969696969697,2,1.763822754392099,0.4201290941501048
202,2.0202020202020203,2,1.7654181130884432,0.33306543605343336
207,2.0707070707070705,2,2.1469988234789392,0.4174328602722184
392,3.9393939393939394,2,0.46759560284482715,0.06446258317027953
212,2.121212121212121,2,1.7593803688570406,0.46319372021265026
390,3.888888888888889,2,0.21874375601966733,0.03749510142314702
218,2.1717171717171717,2,0.6354941076951547,0.12299072593670732
222,2.2222222222222223,2,1.6345829054562486,0.478271896247716
398,3.9898989898989896,2,0.17942602370418603,0.039807201025468225
167,1.6666666666666667,2,2.1515222235604456,0.27809191869379946
332,3.3333333333333335,2,0.4861584490187325,0.08774683400245889
422,4.242424242424242,2,0.37832804362196304,0.049316165290290676
142,1.4141414141414141,2,2.1986333936114235,0.30767388901021875
162,1.6161616161616161,2,2.1583881559471667,0.3585827635267871
152,1.5151515151515151,2,1.7226498759781954,0.475594158897094
157,1.5656565656565655,2,2.08893051608555,0.38386820843614233
417,4.191919191919192,2,0.4285254800296248,0.05507060269380806
148,1.4646464646464645,2,1.948952867320098,0.4504343922011459
358,3.5858585858585856,3,0.39458102597972095,0.049882550164141476
393,3.9393939393939394,3,0.40466689416578805,0.03886779644612141
338,3.3838383838383836,3,0.4552376720147252,0.11952759922912937
484,4.848484848484849,3,0.35265567447438134,0.03826723291066827
377,3.7878787878787876,3,0.479967207982035,0.04017859539157953
423,4.242424242424242,3,0.3739805823487311,0.07173626239716811
488,4.898989898989899,3,0.43711482962214976,0.04692706025470869
364,3.6363636363636362,3,0.29779188495268283,0.045249379557331326
492,4.94949494949495,3,0.3325269703618977,0.04249993336230325
389,3.888888888888889,3,0.3973692188757236,0.0674232683627094
434,4.343434343434343,3,0.2933038146564013,0.03724179119383478
333,3.3333333333333335,3,0.5829592674201516,0.08480123805524781
438,4.393939393939394,3,0.19348365651136584,0.04092386681064955
478,4.797979797979798,3,0.30343011278186005,0.03327586824529011
453,4.545454545454545,3,0.28635685411819595,0.03887864187294124
342,3.4343434343434343,3,0.5286466120011721,0.12226582914192297
413,4.141414141414141,3,0.32009623518164965,0.04454467649672723
353,3.5353535353535355,3,0.30533448164164095,0.04019020607323953
458,4.595959595959596,3,0.4184177229218521,0.046571077848528056
448,4.494949494949495,3,0.3162685916389995,0.0406395160742033
408,4.090909090909091,3,0.22960183628095945,0.06007789659958096
348,3.484848484848485,3,0.42168176581161926,0.05145799900568349
428,4.292929292929293,3,0.3637189725042202,0.042659545521775394
418,4.191919191919192,3,0.3304045613363139,0.03713008981627586
444,4.444444444444445,3,0.42024916060824047,0.05650652618102295
467,4.696969696969697,3,0.44349887854275294,0.04608668217176276
403,4.040404040404041,3,0.35094248409278705,0.06164516635700725
374,3.7373737373737375,3,0.3530036713955897,0.0499838690945722
384,3.8383838383838382,3,0.24899542244206987,0.042653552428458585
475,4.747474747474747,3,0.35184743962287723,0.038472583731951615
368,3.686868686868687,3,0.5645824455736963,0.04919304530913715
397,3.9898989898989896,3,0.4946943996741815,0.07392347031956484
463,4.646464646464646,3,0.45987991089204505,0.04641664698700709
249,2.474747474747475,3,0.36560665985952656,0.045072558161250754
163,1.6161616161616161,3,2.073483486977753,0.44268583148322943
124,1.2121212121212122,3,2.1691788149590816,0.27939845797913665
128,1.2626262626262625,3,2.1622355740398893,0.4439385794249965
132,1.3131313131313131,3,2.1934041545384213,0.33877186467328224
138,1.3636363636363635,3,2.1819479336254792,0.3225801755419779
143,1.4141414141414141,3,2.19289731969541,0.33920829155243815
147,1.4646464646464645,3,2.194412443492442,0.371144902532616
154,1.5151515151515151,3,2.075712710464179,0.29092489267312643
158,1.5656565656565655,3,2.1740149956527985,0.3754773476575797
168,1.6666666666666667,3,2.1556564913869587,0.3400527994739239
174,1.7171717171717171,3,2.1276275990602347,0.26241861513944176
178,1.7676767676767677,3,1.7389132451005895,0.47166077940023676
181,1.8181818181818181,3,2.039745406988211,0.4333171805575563
188,1.8686868686868687,3,2.024655560239907,0.3449186709987996
194,1.9191919191919191,3,1.6674255012794752,0.3035428794213333
198,1.9696969696969697,3,1.8575021269573544,0.4649648942683626
203,2.0202020202020203,3,1.9029363484132593,0.43607179385341416
208,2.0707070707070705,3,1.8321288860778064,0.44532510809931536
213,2.121212121212121,3,1.7725152956661963,0.3979225774041675
217,2.1717171717171717,3,2.0688958095984735,0.45398112903848875
118,1.1616161616161615,3,2.185362525191173,0.39848949582923066
113,1.1111111111111112,3,2.181137691540995,0.3995743500842648
109,1.0606060606060606,3,2.158433987156445,0.3785619488291797
103,1.0101010101010102,3,2.1483423950361766,0.30800112319826534
2,0.0,3,2.170932337153892,0.3132282485160148
10,0.050505050505050504,3,2.1746426636700797,0.3144707481031448
14,0.10101010101010101,3,2.1589136891120284,0.29730422490366304
18,0.15151515151515152,3,2.18262941825885,0.3416796945794913
22,0.20202020202020202,3,2.189787071353113,0.3227092846155505
28,0.25252525252525254,3,2.183924051847579,0.3551900418483372
37,0.30303030303030304,3,2.1959393945135286,0.3360366405775525
38,0.35353535353535354,3,2.1953833232509514,0.3508729791203682
42,0.40404040404040403,3,2.1223163090862465,0.2919352340071056
223,2.2222222222222223,3,1.6979639110277023,0.4773298547504133
48,0.45454545454545453,3,2.0691519102042,0.32950544491799816
60,0.5555555555555556,3,2.118660583287759,0.3165883479782472
62,0.6060606060606061,3,2.189258202599035,0.29983308150368676
68,0.6565656565656566,3,2.1604470543854477,0.348532205673478
73,0.7070707070707071,3,2.1907335588596752,0.34227373997461885
78,0.7575757575757576,3,2.017675219042306,0.24574618324731975
83,0.8080808080808081,3,1.885907836613987,0.31499843551169304
89,0.8585858585858586,3,2.099640236518852,0.30751727893652436
92,0.9090909090909091,3,2.1425684918908887,0.3277628540645314
99,0.9595959595959596,3,2.0920691422503297,0.3157323370704075
53,0.5050505050505051,3,2.1885642031640433,0.29458278095796625
228,2.2727272727272725,3,1.0770913074265278,0.2729285227440662
499,5.0,3,0.3933936120165922,0.03192805663109235
318,3.1818181818181817,3,0.36823982328404137,0.07522114464454857
306,3.080808080808081,3,1.2078321346508953,0.3446610671066479
263,2.6262626262626263,3,0.5458550350286046,0.0956119010141252
288,2.878787878787879,3,1.933415589599174,0.3967888166120649
300,2.9797979797979797,3,0.39454882795714524,0.05297323129254322
268,2.676767676767677,3,0.8432611194609613,0.2599607896847519
257,2.5757575757575757,3,1.717402195485493,0.48635609309938244
313,3.131313131313131,3,0.4758359224015551,0.06865994663353378
274,2.727272727272727,3,0.4442514331196065,0.08837278118014333
253,2.525252525252525,3,0.4181158654616015,0.10773512913805985
277,2.7777777777777777,3,0.5740736792909811,0.10999429084021975
293,2.929292929292929,3,0.4762519675002926,0.10909256091565028
303,3.0303030303030303,3,0.39627985187042963,0.04782529179441511
243,2.4242424242424243,3,1.7575270002779944,0.48307573132458426
284,2.8282828282828283,3,0.19255120593217762,0.04475427758886636
322,3.2323232323232323,3,0.3355182170584772,0.0754944011872094
234,2.323232323232323,3,0.6640841831216465,0.09155225012774271
328,3.282828282828283,3,0.38783018678782716,0.07337652013461515
238,2.3737373737373737,3,1.746887199909212,0.4693183072327666
88,0.8585858585858586,4,2.1906227784848156,0.3786846897961248
464,4.646464646464646,4,0.266945462320821,0.03406426864987014
354,3.5353535353535355,4,0.3754580704975232,0.0664344240921472
69,0.6565656565656566,4,2.1384949504118715,0.34582261287168714
98,0.9595959595959596,4,2.1251613693967664,0.279287512197784
349,3.484848484848485,4,0.4779457287684319,0.04946085359235253
94,0.9090909090909091,4,2.127680893900755,0.356225300730062
451,4.494949494949495,4,0.4022326628055571,0.048888511612462014
459,4.595959595959596,4,0.37837289283591047,0.03843175437311052
298,2.9797979797979797,4,0.40095400895366484,0.05068488686991804
79,0.7575757575757576,4,2.1799886690230985,0.3245111221837237
294,2.929292929292929,4,0.47680682816463277,0.10208200120178926
289,2.878787878787879,4,0.5331808003747035,0.11999806970034899
64,0.6060606060606061,4,2.1813926205868093,0.30494780643654656
84,0.8080808080808081,4,2.060467662161152,0.3322053077948729
454,4.545454545454545,4,0.5676427374178492,0.04745249420301975
74,0.7070707070707071,4,2.197103173487949,0.2923022091075359
233,2.323232323232323,4,1.8369472078664484,0.46603006486934573
49,0.45454545454545453,4,2.1884961147190083,0.3103109483351933
58,0.5555555555555556,4,2.175088922545386,0.3910034272680978
497,5.0,4,0.31043822031375873,0.040205622866504684
1,0.0,4,2.161246731935227,0.32192874823068734
494,4.94949494949495,4,0.4178881100857109,0.04429775342296672
324,3.2323232323232323,4,0.2227380682737297,0.04087983384492355
12,0.050505050505050504,4,2.1590471762547905,0.323898950040478
15,0.10101010101010101,4,2.1826665840733455,0.3287615536595393
489,4.898989898989899,4,0.475094617169465,0.05257772828061727
319,3.1818181818181817,4,0.6425323662645543,0.09762595800022808
20,0.15151515151515152,4,2.1789451191726603,0.31735648708755204
339,3.3838383838383836,4,0.36476575887820056,0.04542691907798005
24,0.20202020202020202,4,2.148684860304899,0.32474914696624957
483,4.848484848484849,4,0.3583300539669506,0.06343366309804133
29,0.25252525252525254,4,2.161313758009994,0.35366845534640756
34,0.30303030303030304,4,2.154914125554369,0.32023270980284013
314,3.131313131313131,4,0.3943769849642163,0.06451148460149528
479,4.797979797979798,4,0.4477991443311366,0.04641357315430439
39,0.35353535353535354,4,2.139191156861642,0.3057926642639306
310,3.080808080808081,4,0.4286639971894558,0.08714750561979434
45,0.40404040404040403,4,2.1711395426790827,0.33533702353647077
344,3.4343434343434343,4,0.33214666949454913,0.06494274901746522
473,4.747474747474747,4,0.44725774315722655,0.04650921896520814
55,0.5050505050505051,4,2.196716201279658,0.3233360331616822
469,4.696969696969697,4,0.5279877014767416,0.0369081428830933
304,3.0303030303030303,4,0.19262746270562986,0.050878911114130274
445,4.444444444444445,4,0.297765465164785,0.03595451021991555
114,1.1111111111111112,4,2.1859067161464685,0.35023465594413883
108,1.0606060606060606,4,2.1213356354780903,0.28832234502747967
259,2.5757575757575757,4,0.5670841790826535,0.09993481789464553
179,1.7676767676767677,4,1.7198551632993122,0.43306550418975953
370,3.686868686868687,4,0.41268345640786164,0.0477519708253235
184,1.8181818181818181,4,1.727579621040226,0.38462913786777686
404,4.040404040404041,4,0.40548703329432734,0.04276887039249219
371,3.7373737373737375,4,0.6973958506855048,0.08142574779785294
189,1.8686868686868687,4,1.7713271571217437,0.3216571891999068
193,1.9191919191919191,4,2.135241831210398,0.3978124192451167
254,2.525252525252525,4,1.3171123162304705,0.4116924540111634
399,3.9898989898989896,4,0.48368181161833856,0.060351575393214285
199,1.9696969696969697,4,0.7614421162202689,0.1346684067422506
248,2.474747474747475,4,2.1083568012012894,0.4626948960049901
204,2.0202020202020203,4,1.5999994496260497,0.27980482170515675
394,3.9393939393939394,4,0.35098563728993326,0.04904835066012414
244,2.4242424242424243,4,1.6605223486010934,0.37783691547514076
209,2.0707070707070705,4,1.6591977843735979,0.44069568689156124
214,2.121212121212121,4,1.7218236054614264,0.4640941345137264
239,2.3737373737373737,4,1.9565846531405244,0.4414302551001007
388,3.888888888888889,4,0.6409017743863457,0.08229215121842812
219,2.1717171717171717,4,1.7364548428657325,0.3937609095439494
224,2.2222222222222223,4,1.640142836058151,0.46525461294970305
383,3.8383838383838382,4,0.39500396889871153,0.060102575230320476
229,2.2727272727272725,4,1.8523998538926782,0.45455447518671466
410,4.090909090909091,4,0.6304626607208251,0.07170097394050179
173,1.7171717171717171,4,1.6929946049723525,0.31844417302210326
169,1.6666666666666667,4,2.1301342045867995,0.4295744780114423
414,4.141414141414141,4,0.2917748481632144,0.043937824207215065
283,2.8282828282828283,4,0.7833474892612581,0.21888992762653212
380,3.7878787878787876,4,0.5266486413871072,0.0673341414112204
439,4.393939393939394,4,0.4078930895492852,0.03995031200892954
279,2.7777777777777777,4,0.5635223801537498,0.09711200564428221
119,1.1616161616161615,4,1.9386395156680047,0.29307175247019135
359,3.5858585858585856,4,0.3558382727016251,0.04554344398133961
125,1.2121212121212122,4,2.130709539213986,0.3410787661166055
433,4.343434343434343,4,0.47756926314000214,0.05661866335899535
129,1.2626262626262625,4,2.104679018172617,0.4229196929372644
134,1.3131313131313131,4,2.1699779534462915,0.34550657430321724
429,4.292929292929293,4,0.32309015494772314,0.04644771813859211
104,1.0101010101010102,4,2.1484440368969673,0.3370424497442539
273,2.727272727272727,4,0.731142319594705,0.1742681926161871
269,2.676767676767677,4,0.46890764929098666,0.07604513691783199
144,1.4141414141414141,4,2.151414077801971,0.3631811272237524
424,4.242424242424242,4,0.4406417404090599,0.04890097263905421
149,1.4646464646464645,4,2.1167660060561313,0.35808587556397486
153,1.5151515151515151,4,2.191637569933883,0.3251379947808919
365,3.6363636363636362,4,0.4935470157676152,0.051652678687964165
419,4.191919191919192,4,0.35317281493616953,0.044227199566734016
264,2.6262626262626263,4,1.0030511381570595,0.3508541953190373
159,1.5656565656565655,4,2.196157159106275,0.33365202215690926
329,3.282828282828283,4,0.4071395836838542,0.04933967705979328
164,1.6161616161616161,4,1.8461895022438322,0.45540657868371975
139,1.3636363636363635,4,2.113155104045131,0.2453968381409058
334,3.3333333333333335,4,0.44388949783425635,0.05294957324427796
